Company_Name,Career_Page
TCS,https://www.tcs.com/careers
Infosys,https://career.infosys.com
Wipro,https://careers.wipro.com/careers-home/
HCL Technologies,https://careers.hcltech.com
Tech Mahindra,https://careers.techmahindra.com
Cognizant,https://careers.cognizant.com
Capgemini,https://www.capgemini.com/in-en/careers
Accenture,https://www.accenture.com/in-en/careers
IBM India,https://careers.ibm.com/jobs?field_keyword_05=India
Mphasis,https://careers.mphasis.com
LTIMindtree,https://www.ltimindtree.com/careers
Persistent Systems,https://www.persistent.com/careers
Coforge,https://www.coforge.com/careers
Zensar Technologies,https://www.zensar.com/careers
Hexaware Technologies,https://hexaware.com/careers
Tata Elxsi,https://www.tataelxsi.com/career
Birlasoft,https://www.birlasoft.com/careers
Cyient,https://www.cyient.com/careers
KPIT Technologies,https://www.kpit.com/careers
Sonata Software,https://www.sonata-software.com/careers
Sasken Technologies,https://www.sasken.com/careers
Mastech Holdings,https://www.mastech.com/careers
Rolta India,https://www.rolta.com/careers
Bahwan CyberTek,https://www.bahwancybertek.com/careers
Altimetrik,https://www.altimetrik.com/careers
Nagarro,https://www.nagarro.com/en/careers
EPAM Systems India,https://www.epam.com/careers
Thoughtworks India,https://www.thoughtworks.com/careers
GlobalLogic,https://www.globallogic.com/careers
Publicis Sapient,https://careers.publicissapient.com
Infosys BPM,https://www.infosysbpm.com/careers
Firstsource Solutions,https://www.firstsource.com/careers
WNS Global Services,https://www.wns.com/careers
EXL Service,https://www.exlservice.com/careers
Genpact,https://www.genpact.com/careers
iEnergizer,https://www.ienergizer.com/careers
Concentrix,https://careers.concentrix.com
Hinduja Global Solutions,https://www.teamhgs.com/careers
Sutherland Global,https://www.sutherlandglobal.com/careers
Teleperformance India,https://jobs.teleperformance.com
24-7.ai,https://www.247.ai/careers
iGate,https://www.igate.com/careers
Patni Computer Systems,https://careers.patni.com
Mascon Global,https://www.masconglobal.com/careers
SunTec Business Solutions,https://www.suntecgroup.com/careers
ITC Infotech,https://www.itcinfotech.com/careers
Tata Consultancy Services BPS,https://nextstep.tcs.com
Minda Corporation IT,https://www.mindacorporation.com/careers
Kellton Tech,https://www.kelltontech.com/careers
NIIT Technologies,https://www.niit.com/careers
Amazon India,https://www.amazon.jobs
Microsoft India,https://careers.microsoft.com
Google India,https://careers.google.com
Apple India,https://jobs.apple.com
Meta India,https://www.metacareers.com
Adobe India,https://adobe.com/careers
Oracle India,https://oracle.com/careers
SAP Labs India,https://careers.sap.com
Cisco India,https://jobs.cisco.com
Qualcomm India,https://qualcomm.com/careers
Intel India,https://jobs.intel.com
Samsung R&D India,https://samsungcareers.com
Salesforce India,https://salesforce.com/careers
ServiceNow India,https://careers.servicenow.com
Workday India,https://workday.com/careers
Intuit India,https://careers.intuit.com
PayPal India,https://careers.paypal.com
Visa India,https://careers.visa.com
Mastercard India,https://careers.mastercard.com
American Express India,https://jobs.americanexpress.com
Atlassian India,https://www.atlassian.com/company/careers
Uber India,https://www.uber.com/in/en/careers
Airbnb India,https://careers.airbnb.com
Twitter India,https://careers.twitter.com
LinkedIn India,https://careers.linkedin.com
Walmart Global Tech,https://careers.walmart.com
Target India,https://jobs.target.com
eBay India,https://careers.ebay.com
Booking.com India,https://jobs.booking.com
Expedia India,https://lifeatexpedia.com
Nuance India,https://www.nuance.com/about-us/careers.html
Honeywell India,https://careers.honeywell.com
GE India,https://jobs.gecareers.com
3M India,https://www.3m.com/3M/en_US/careers
Cummins India,https://careers.cummins.com
Emerson India,https://jobs.emerson.com
ABB India,https://new.abb.com/careers
Philips India,https://www.careers.philips.com
Siemens India,https://jobs.siemens.com
Schneider Electric India,https://careers.se.com
Bosch India,https://www.bosch-career.in
Continental India,https://www.continental.com/en/career
Harman International,https://careers.harman.com
Motorola Solutions India,https://motorolasolutions.com/careers
Ericsson India,https://www.ericsson.com/en/careers
Nokia India,https://www.nokia.com/about-us/careers
NXP Semiconductors India,https://www.nxp.com/company/about-nxp/careers
STMicroelectronics India,https://www.st.com/content/st_com/en/about/careers.html
Texas Instruments India,https://careers.ti.com
Micron Technology India,https://micron.com/careers
Western Digital India,https://jobs.westerndigital.com
Seagate India,https://www.seagate.com/in/en/jobs
Broadcom India,https://careers.broadcom.com
Marvell India,https://www.marvell.com/company/careers
Cadence Design Systems India,https://cadence.com/careers
Synopsys India,https://www.synopsys.com/company/careers.html
Mentor Graphics India,https://jobs.siemens.com
NVIDIA India,https://nvidia.com/careers
MediaTek India,https://www.mediatek.com/careers
Renesas India,https://www.renesas.com/us/en/about/careers
Microchip Technology India,https://www.microchip.com/careers
Infineon Technologies India,https://www.infineon.com/cms/en/careers
Goldman Sachs India,https://goldmansachs.com/careers
Morgan Stanley India,https://morganstanley.com/careers
JPMorgan Chase India,https://careers.jpmorgan.com
Deutsche Bank India,https://careers.db.com
Barclays India,https://search.jobs.barclays
HSBC India,https://www.hsbc.com/careers
Citibank India,https://jobs.citi.com
Standard Chartered India,https://scb.taleo.net/careersection
BNY Mellon India,https://careers.bnymellon.com
State Street India,https://jobs.statestreet.com
Fidelity India,https://jobs.fidelity.com
BlackRock India,https://careers.blackrock.com
Franklin Templeton India,https://franklintempleton.com/careers
Aon India,https://careers.aon.com
Marsh India,https://careers.mmc.com
Willis Towers Watson India,https://careers.wtwco.com
DE Shaw India,https://www.deshawindia.com/careers
HDFC Bank IT,https://www.hdfcbank.com/content/bbp/repositories/723fb80a
ICICI Bank IT,https://www.icicicareers.com
Axis Bank IT,https://www.axisbank.com/careers
Kotak Mahindra Bank IT,https://www.kotak.com/en/about-us/careers.html
Yes Bank IT,https://www.yesbank.in/about-us/careers
IndusInd Bank IT,https://www.indusind.com/content/indusind/careers.html
Federal Bank IT,https://www.federalbank.co.in/careers
RBL Bank IT,https://www.rblbank.com/careers
Bandhan Bank IT,https://www.bandhanbank.com/careers
AU Small Finance Bank IT,https://www.aubank.in/careers
Ujjivan Small Finance Bank IT,https://www.ujjivansfb.in/careers
Fincare Small Finance Bank,https://www.fincarebank.com/careers
IDFC First Bank IT,https://www.idfcfirstbank.com/careers
SBI IT,https://bank.sbi/careers
Punjab National Bank IT,https://www.pnbindia.in/careers.html
Razorpay,https://razorpay.com/jobs
PhonePe,https://careers.phonepe.com
Paytm,https://jobs.paytm.com
CRED,https://cred.club/careers
BharatPe,https://bharatpe.com/careers
Groww,https://groww.in/careers
Zerodha,https://zerodha.com/careers
Upstox,https://upstox.com/careers
Jupiter Money,https://jupiter.money/careers
Fi Money,https://fi.money/careers
Slice,https://sliceit.com/careers
Niyo,https://niyo.co/careers
Open Financial Technologies,https://open.money/careers
KreditBee,https://kreditbee.in/careers
MoneyTap,https://moneytap.com/careers
LoanTap,https://loantap.in/careers
Faircent,https://www.faircent.com/careers
Lendingkart,https://www.lendingkart.com/careers
CapFloat Financial,https://www.capfloat.com/careers
Navi Technologies,https://navi.com/careers
Smallcase,https://smallcase.com/careers
Kuvera,https://kuvera.in/careers
ET Money,https://www.etmoney.com/careers
Angel One,https://angelbrokingcareers.com
5paisa,https://www.5paisa.com/about/career
Sharekhan,https://www.sharekhan.com/aboutus/careers
IIFL Securities,https://careers.iifl.com
Motilal Oswal IT,https://careers.motilaloswal.com
Nuvama Wealth,https://www.nuvama.com/careers
PolicyBazaar,https://jobs.policybazaar.com
Coverfox,https://www.coverfox.com/careers
Digit Insurance,https://www.godigit.com/careers
Acko Insurance,https://acko.com/careers
Toffee Insurance,https://www.toffeeinsurance.com/careers
Loop Health,https://www.loophealth.com/careers
Onsurity,https://onsurity.com/careers
Plum Insurance,https://plumhq.com/careers
SecureNow,https://www.securenow.in/careers
Probus Insurance,https://probusinsurance.com/careers
Mswipe,https://www.mswipe.com/careers
Pine Labs,https://www.pinelabs.com/careers
Ezetap,https://ezetap.com/careers
Innoviti,https://innoviti.com/careers
Juspay,https://juspay.in/careers
Cashfree Payments,https://www.cashfree.com/careers
Instamojo,https://www.instamojo.com/careers
CCAvenue,https://www.ccavenue.com/careers.jsp
PayU India,https://payu.in/careers
Billdesk,https://www.billdesk.com/web/careers
Setu,https://setu.co/careers
Decentro,https://decentro.tech/careers
Hyperface,https://hyperface.co/careers
Flipkart,https://www.flipkartcareers.com
Meesho,https://meesho.io/jobs
Snapdeal,https://jobs.snapdeal.com
Nykaa,https://nykaa.com/careers
Myntra,https://myntra.com/careers
Ajio,https://careers.reliance.com
Tata CLiQ,https://www.tatacliq.com/careers
JioMart,https://careers.jio.com
IndiaMART,https://careers.indiamart.com
Udaan,https://udaan.com/careers
Moglix,https://www.moglix.com/careers
OfBusiness,https://www.ofbusiness.com/careers
Bizongo,https://www.bizongo.com/careers
Industrybuying,https://www.industrybuying.com/careers
TradeIndia,https://www.tradeindia.com/careers
Justdial,https://www.justdial.com/careers
Sulekha,https://careers.sulekha.com
Shopclues,https://careers.shopclues.com
Pepperfry,https://careers.pepperfry.com
FabFurnish,https://www.fabfurnish.com/careers
Urban Ladder,https://www.urbanladder.com/pages/careers
WoodenStreet,https://www.woodenstreet.com/careers
Wakefit,https://wakefit.co/careers
Sleepyhead,https://sleepyhead.in/careers
Boat Lifestyle,https://boat-lifestyle.com/careers
Noise,https://gonoise.com/pages/careers
Mivi,https://mivi.in/pages/careers
Realme India,https://www.realme.com/in/careers
OnePlus India,https://careers.oneplus.com
Xiaomi India,https://www.mi.com/in/about/jobs
Vivo India,https://careers.vivo.com
Oppo India,https://www.oppo.com/en/careers
Lava International,https://www.lavamobiles.com/careers
Micromax,https://www.micromaxinfo.com/careers
Swiggy,https://careers.swiggy.com
Zomato,https://www.zomato.com/careers
BigBasket,https://bigbasket.com/careers
Dunzo,https://dunzo.com/careers
Blinkit,https://blinkit.com/careers
Zepto,https://www.zeptonow.com/careers
Milkbasket,https://milkbasket.com/careers
Grofers,https://grofers.com/careers
Country Delight,https://www.countrydelight.in/careers
Licious,https://licious.in/careers
FreshToHome,https://freshtohome.com/careers
Eat.fit,https://cult.fit/careers
EatSure,https://eatsure.com/careers
Box8,https://box8.in/careers
Faasos,https://www.faasos.com/careers
Rebel Foods,https://www.rebelfoods.com/careers
Freshmenu,https://www.freshmenu.com/careers
Ola Foods,https://careers.olacabs.com
Rapido,https://rapido.bike/careers
Ola Cabs,https://careers.olacabs.com
Ola Electric,https://olaelectric.com/careers
Ather Energy,https://www.atherenergy.com/careers
Bounce,https://bounce.bike/careers
Yulu,https://www.yulu.bike/careers
Vogo,https://govogo.in/careers
BluSmart,https://blusmart.in/careers
Meru Cab,https://www.merucabs.com/careers
InDrive India,https://indrive.com/en/careers
MakeMyTrip,https://careers.makemytrip.com
Cleartrip,https://careers.cleartrip.com
Yatra,https://www.yatra.com/careers
OYO,https://careers.oyorooms.com
Treebo Hotels,https://treebo.com/careers
FabHotels,https://www.fabhotels.com/careers
Zostel,https://www.zostel.com/careers
Airbnb India,https://careers.airbnb.com
SOTC,https://www.sotc.in/careers
Thomas Cook India,https://www.thomascook.in/careers
Cox and Kings,https://www.coxandkings.com/careers
EaseMyTrip,https://careers.easemytrip.com
ixigo,https://www.ixigo.com/about-us/careers
Goibibo,https://careers.goibibo.com
Thrillophilia,https://www.thrillophilia.com/careers
NoBroker,https://www.nobroker.in/careers
Housing.com,https://housing.com/careers
MagicBricks,https://www.magicbricks.com/careers
99Acres,https://careers.infoedge.in
Square Yards,https://squareyards.com/careers
PropTiger,https://www.proptiger.com/careers
CommonFloor,https://www.commonfloor.com/careers
Stanza Living,https://www.stanzaliving.com/careers
OYO Workspaces,https://careers.oyorooms.com
Awfis,https://www.awfis.com/careers
IndiQube,https://www.indiqube.com/careers
Smartworks,https://smartworks.com/careers
WeWork India,https://www.wework.com/careers
BYJU's,https://byjus.com/jobs
Unacademy,https://unacademy.com/careers
Vedantu,https://careers.vedantu.com
upGrad,https://careers.upgrad.com
Simplilearn,https://www.simplilearn.com/company/careers
Scaler Academy,https://www.scaler.com/careers
Physics Wallah,https://pw.live/careers
Testbook,https://testbook.com/careers
PrepLadder,https://prepladder.com/careers
Embibe,https://www.embibe.com/careers
Toppr,https://www.toppr.com/careers
Doubtnut,https://doubtnut.com/careers
Extramarks,https://www.extramarks.com/careers
Classplus,https://classplus.co/careers
Teachmint,https://teachmint.com/careers
Drona HQ,https://dronahq.com/careers
Practically,https://practically.com/careers
Edureka,https://www.edureka.co/careers
Leverage Edu,https://leverageedu.com/careers
Learnyst,https://learnyst.com/careers
Meritnation,https://www.meritnation.com/careers
Cuemath,https://www.cuemath.com/careers
Brainly India,https://careers.brainly.com
Coursera India,https://careers.coursera.com
Udemy India,https://about.udemy.com/careers
Practo,https://practo.com/careers
Mfine,https://mfine.co/careers
Healthians,https://healthians.com/careers
Pristyn Care,https://pristyncare.com/careers
Niramai,https://niramai.com/careers
PharmEasy,https://pharmeasy.in/careers
1mg,https://1mg.com/careers
Netmeds,https://www.netmeds.com/careers
Apollo 247,https://www.apollo247.com/careers
Portea Medical,https://www.portea.com/careers
Cult.fit,https://cult.fit/careers
Mylan India,https://www.mylan.com/en/careers
Meditrina,https://meditrina.in/careers
MediBuddy,https://www.medibuddy.in/careers
Docplexus,https://docplexus.in/careers
Lybrate,https://lybrate.com/careers
Niva Bupa,https://careers.nivabupa.com
Star Health Insurance IT,https://starhealth.in/careers
Max Healthcare IT,https://maxhealthcare.in/careers
Manipal Health IT,https://manipalhospitals.com/careers
Fortis IT,https://fortishealthcare.com/careers
Narayana Health IT,https://www.narayanahealth.org/careers
Thyrocare,https://thyrocare.com/careers
SRL Diagnostics IT,https://www.srl.in/careers
Delhivery,https://careers.delhivery.com
Shadowfax,https://shadowfax.in/careers
Porter,https://porter.in/careers
Shiprocket,https://shiprocket.in/careers
Ecom Express,https://ecomexpress.in/careers
Blue Dart,https://www.bluedart.com/careers
FedEx India,https://careers.fedex.com
DHL India,https://careers.dhl.com
XpressBees,https://www.xpressbees.com/careers
Rivigo,https://rivigo.com/careers
Blackbuck,https://blackbuck.com/careers
Locus,https://locus.sh/careers
FarEye,https://fareye.com/careers
Elastic Run,https://www.elasticrun.in/careers
Loadshare,https://loadshare.net/careers
Mahindra Logistics IT,https://www.mahindralogistics.com/careers
DTDC,https://www.dtdc.in/careers
Pidge,https://pidge.in/careers
Dunzo Daily,https://dunzo.com/careers
Pickrr,https://pickrr.com/careers
iThink Logistics,https://ithinklogistics.com/careers
NimbusPost,https://nimbuspost.com/careers
Shyplite,https://shyplite.com/careers
Cars24,https://cars24.com/careers
CarDekho,https://www.cardekho.com/careers
Droom,https://droom.in/careers
OLX India,https://careers.olx.com
Spinny,https://spinny.com/careers
Cardekho,https://www.cardekho.com/careers
AutoTrader India,https://www.autotrader.in/careers
Mahindra First Choice,https://careers.mahindraelectric.com
Tata Motors IT,https://careers.tatamotors.com
Hero MotoCorp IT,https://careers.heromotocorp.com
Bajaj Auto IT,https://careers.bajajauto.com
TVS Motor IT,https://www.tvsmotor.com/careers
Revolt Motors,https://www.revoltmotors.com/careers
Jio Platforms,https://careers.jio.com
Airtel,https://www.airtel.in/careers
Vodafone Idea,https://www.viil.in/careers
Tata Communications,https://www.tatacommunications.com/careers
Sterlite Technologies,https://www.sterlitetech.com/careers
Tejas Networks,https://www.tejasnetworks.com/careers
BSNL,https://bsnl.co.in/opencms/BSNL/BSNL/careers.jsp
Comviva,https://comviva.com/careers
Tech Mahindra Telecom,https://careers.techmahindra.com
Subex,https://subex.com/careers
Amdocs India,https://amdocs.com/careers
Netcracker India,https://netcracker.com/careers
TEOCO India,https://www.teoco.com/careers
Hotstar,https://careers.hotstar.com
Zee5,https://careers.zee5.com
SonyLIV,https://sonylivcareers.com
MX Player,https://careers.mxmediainc.com
JioCinema,https://careers.jio.com
Dailyhunt,https://jobs.dailyhunt.in
InShorts,https://inshorts.com/en/page/careers
Sharechat,https://sharechat.com/careers
Josh,https://josh.app/careers
Koo,https://kooapp.com/careers
Moj,https://moj.app/careers
Lokal App,https://lokal.app/careers
PublicApp,https://thepublicapp.com/careers
Verse Innovation,https://verseinnovation.com/careers
Times Internet,https://timesinternet.in/careers
HT Digital Streams,https://www.hindustantimes.com/careers
Network18 Digital,https://network18.com/careers
NDTV Convergence,https://ndtvcareers.ndtv.com
Hungama Digital,https://hungama.com/careers
Saavn (JioSaavn),https://careers.jiosaavn.com
Gaana,https://gaana.com/careers
Wynk Music,https://www.airtel.in/careers
Nazara Technologies,https://nazara.com/careers
Games24x7,https://games24x7.com/careers
Dream11,https://dream11.com/careers
MPL,https://www.mpl.live/careers
Junglee Games,https://jungleegames.com/careers
Octro,https://www.octro.com/careers
Navi Games,https://navi.com/careers
Paytm First Games,https://jobs.paytm.com
Zupee,https://zupee.com/careers
WinZO,https://winzogames.com/careers
Hike,https://hike.in/careers
Loco,https://loco.gg/careers
Mobile Premier League,https://www.mpl.live/careers
Fractal Analytics,https://fractal.ai/careers
Mu Sigma,https://www.mu-sigma.com/careers
Tiger Analytics,https://www.tigeranalytics.com/careers
Sigmoid,https://www.sigmoid.com/careers
LatentView Analytics,https://www.latentview.com/careers
Manthan Systems,https://www.manthan.com/careers
Absolutdata,https://absolutdata.com/careers
Crayon Data,https://crayondata.ai/careers
Datamatics,https://www.datamatics.com/careers
RapidMiner India,https://rapidminer.com/careers
SAS India,https://www.sas.com/en_in/careers
MicroStrategy India,https://microstrategy.com/careers
Qlik India,https://www.qlik.com/us/company/careers
Tableau India,https://careers.tableau.com
Domo India,https://www.domo.com/careers
Yellow.ai,https://yellow.ai/careers
Gupshup,https://gupshup.io/careers
Vernacular.ai / Skit.ai,https://skit.ai/careers
Haptik,https://haptik.ai/careers
CoRover.ai,https://corover.ai/careers
Senseforth,https://senseforth.com/careers
Verloop.io,https://verloop.io/careers
Slang Labs,https://slanglabs.in/careers
Observe.AI,https://observe.ai/careers
Entropik Tech,https://entropiktech.com/careers
Nuvento,https://nuvento.com/careers
Mad Street Den,https://www.madstreetden.com/careers
Arya.ai,https://arya.ai/careers
Uncanny Vision,https://uncannyvision.com/careers
Predible Health,https://predible.com/careers
Niramai Health,https://niramai.com/careers
SigTuple,https://sigtuple.com/careers
Tricog Health,https://tricog.com/careers
Qure.ai,https://qure.ai/careers
Vyorius,https://vyorius.com/careers
Freshworks,https://careers.freshworks.com
Zoho Corporation,https://careers.zohocorp.com
Chargebee,https://www.chargebee.com/careers
Clevertap,https://clevertap.com/careers
WebEngage,https://webengage.com/careers
Kissflow,https://kissflow.com/careers
Darwinbox,https://darwinbox.com/careers
GreytHR,https://www.greythr.com/careers
Keka HR,https://www.keka.com/careers
sumHR,https://www.sumhr.com/careers
HRMantra,https://www.hrmantra.com/careers
Spine Technologies,https://www.spineinfo.com/careers
ZingHR,https://www.zinghr.com/careers
Pocket HRMS,https://pockethrms.com/careers
Sprinklr India,https://www.sprinklr.com/careers
Druva,https://www.druva.com/about/careers
Zendesk India,https://jobs.zendesk.com
Nutanix India,https://nutanix.com/careers
Commvault India,https://www.commvault.com/careers
VMware India,https://careers.vmware.com
Rubrik India,https://rubrik.com/careers
Cohesity India,https://cohesity.com/careers
Zscaler India,https://zscaler.com/careers
CrowdStrike India,https://www.crowdstrike.com/careers
Palo Alto Networks India,https://www.paloaltonetworks.com/company/careers
Securonix India,https://www.securonix.com/careers
Darktrace India,https://www.darktrace.com/en/careers
Forcepoint India,https://www.forcepoint.com/careers
Quick Heal,https://www.quickheal.com/careers
K7 Security,https://k7computing.com/careers
Lucideus (Safe Security),https://www.safe.security/careers
Sequretek,https://www.sequretek.com/careers
TAC Security,https://tacsecurity.com/careers
Aujas Networks,https://www.aujas.com/careers
InMobi,https://www.inmobi.com/company/careers
MoEngage,https://moengage.com/careers
Netcore Cloud,https://netcorecloud.com/careers
iZooto,https://www.izooto.com/careers
VWO,https://vwo.com/careers
Wingify,https://careers.wingify.com
Postman India,https://www.postman.com/company/careers
BrowserStack,https://www.browserstack.com/careers
Lambdatest,https://www.lambdatest.com/careers
Testsigma,https://testsigma.com/careers
Katalon India,https://katalon.com/careers
Applitools India,https://applitools.com/careers
Ranorex India,https://www.ranorex.com/careers
Rackspace India,https://rackspace.com/careers
Cloudflare India,https://cloudflare.com/careers
Akamai India,https://akamai.com/careers
Fastly India,https://www.fastly.com/careers
Equinix India,https://careers.equinix.com
NTT India,https://services.global.ntt/careers
Fujitsu India,https://www.fujitsu.com/in/about/careers
DXC Technology India,https://careers.dxc.com
Unisys India,https://www.unisys.com/about/careers
Conduent India,https://jobs.conduent.com
Atos India,https://atos.net/careers
CGI India,https://www.cgi.com/en/careers
Stefanini India,https://stefanini.com/en/careers
Hexaware Technologies,https://hexaware.com/careers
Mphasis,https://careers.mphasis.com
NEC India,https://in.nec.com/careers
Tata Communications,https://www.tatacommunications.com/careers
Naukri.com / Info Edge,https://careers.infoedge.in
Apna,https://apna.co/careers
Unstop,https://unstop.com/careers
Internshala,https://internshala.com/jobs
Cuvette,https://cuvette.tech/careers
HackerEarth,https://www.hackerearth.com/company/careers
HackerRank,https://www.hackerrank.com/careers
LinkedIn India,https://careers.linkedin.com
Shine.com,https://www.shine.com/careers
TimesJobs,https://www.timesjobs.com/careers
Monster India,https://www.monsterindia.com/careers
Foundit (Monster),https://www.foundit.in/careers
iimjobs,https://careers.infoedge.in
Hirist,https://www.hirist.com/careers
Turing,https://www.turing.com/jobs
Toptal,https://www.toptal.com/careers
DeHaat,https://www.agrevolution.in/careers
Ninjacart,https://ninjacart.com/careers
WayCool Foods,https://waycool.in/careers
AgroStar,https://www.agrostar.in/careers
Bijak,https://bijak.in/careers
FarMart,https://farmart.co/careers
Gramophone,https://www.gramophone.in/careers
CropIn,https://www.cropin.com/careers
Intello Labs,https://intellolabs.com/careers
Fasal,https://fasal.co/careers
Ola Electric,https://olaelectric.com/careers
Ather Energy,https://www.atherenergy.com/careers
Greenko Group IT,https://www.greenko.net/careers
ReNew Power IT,https://www.renewpower.in/careers
Hero Future Energies,https://www.herofutureenergies.com/careers
SunSource Energy,https://sunsourceenergy.com/careers
Orb Energy,https://www.orbenergy.com/careers
CleanMax Solar,https://cleanmax.com/careers
Amplus Solar,https://www.amplusgroup.com/careers
SolarEdge India,https://www.solaredge.com/us/jobs
Fortum India,https://careers.fortum.com
ISRO IT,https://www.isro.gov.in/recruitment
DRDO IT,https://www.drdo.gov.in/recruitment
BARC IT,https://www.barc.gov.in/recruitment
HAL IT,https://hal-india.co.in/recruitment
BEL IT,https://www.bel-india.in/careers
ECIL IT,https://www.ecil.co.in/recruitment
CDAC,https://www.cdac.in/index.aspx?id=careers
NIC,https://www.nic.in/careers
BHEL IT,https://careers.bhel.in
NTPC IT,https://www.ntpccareers.net
ONGC IT,https://www.ongcindia.com/recruitment
Indian Railways IT / CRIS,https://www.cris.org.in/CRIS/Recruitment/Home
IOCL IT,https://iocl.com/page/recruitment
Deloitte India,https://apply.deloitte.com
EY India,https://careers.ey.com
KPMG India,https://kpmgcareers.kpmg.in
PwC India,https://www.pwc.in/careers.html
McKinsey India,https://www.mckinsey.com/careers
BCG India,https://careers.bcg.com
Bain India,https://careers.bain.com
Accenture Strategy,https://www.accenture.com/in-en/careers
Oliver Wyman India,https://careers.oliverwyman.com
ZS Associates India,https://www.zs.com/careers
Mu Sigma,https://www.mu-sigma.com/careers
ThoughtWorks,https://www.thoughtworks.com/careers
Slalom India,https://slalom.com/careers
Protiviti India,https://www.protiviti.com/IN-en/careers
Tata Elxsi Embedded,https://www.tataelxsi.com/career
L&T Technology Services,https://www.ltts.com/careers
KPIT Technologies,https://www.kpit.com/careers
Wipro Embedded,https://careers.wipro.com
HCL Embedded,https://www.hcltech.com/careers
Jabil India,https://careers.jabil.com
Flex India,https://flex.com/careers
Sanmina India,https://sanmina.com/careers
Celestica India,https://careers.celestica.com
Plexus India,https://careers.plexus.com
Duos Technologies India,https://www.duostechnologies.com/careers
Analog Devices India,https://www.analog.com/en/about-adi/careers
Maxim Integrated India,https://jobs.analog.com
Microchip Technology India,https://www.microchip.com/careers
Lattice Semiconductor India,https://www.latticesemi.com/about/careers
Postman,https://www.postman.com/company/careers
Hasura,https://hasura.io/careers
Juspay,https://juspay.in/careers
Setu,https://setu.co/careers
Niyo,https://niyo.co/careers
Jupiter,https://jupiter.money/careers
Slice,https://sliceit.com/careers
Groww,https://groww.in/careers
Zerodha,https://zerodha.com/careers
Smallcase,https://smallcase.com/careers
INDmoney,https://www.indmoney.com/careers
Fisdom,https://www.fisdom.com/careers
Scripbox,https://scripbox.com/careers
Goalwise,https://www.goalwise.com/careers
Cube Wealth,https://cubewealth.in/careers
Arthmate,https://arthmate.com/careers
Indifi Technologies,https://www.indifi.com/careers
Yubi (CredAvenue),https://www.yubi.co/careers
Perfios,https://perfios.com/careers
Signzy,https://signzy.com/careers
IDfy,https://idfy.com/careers
Karza Technologies,https://karza.in/careers
Bureau.id,https://bureau.id/careers
Setu API,https://setu.co/careers
M2P Fintech,https://m2pfintech.com/careers
Mindgate Solutions,https://mindgate.solutions/careers
Safexpay,https://www.safexpay.com/careers
EasyPe,https://eazype.com/careers
Razorpay X,https://razorpay.com/jobs
Enkash,https://enkash.com/careers
Zaggle,https://zaggle.in/careers
Happay,https://happay.com/careers
Fyle,https://www.fylehq.com/careers
Volopay,https://volopay.co/careers
Gokwik,https://gokwik.co/careers
Cart2Cart India,https://www.shopping-cart-migration.com/careers
Dukaan,https://dukaan.io/careers
Instamojo,https://www.instamojo.com/careers
Shoptimize,https://shoptimize.com/careers
Shiprocket X,https://shiprocket.in/careers
Increff,https://increff.com/careers
Unicommerce,https://unicommerce.com/careers
Vinculum,https://www.vinculumgroup.com/careers
Browntape,https://browntape.com/careers
Trolley,https://trolley.co/careers
Pickrr,https://pickrr.com/careers
Lenskart,https://lenskart.com/careers
Urban Company,https://urbancompany.com/careers
UrbanClap,https://urbancompany.com/careers
Housejoy,https://www.housejoy.in/careers
Quikr,https://www.quikr.com/careers
OLX India,https://careers.olx.com
Magicpin,https://magicpin.in/careers
Nearbuy,https://nearbuy.com/careers
LimeRoad,https://www.limeroad.com/careers
Voonik,https://www.voonik.com/careers
Craftsvilla,https://www.craftsvilla.com/careers
Moglix,https://www.moglix.com/careers
Ofbusiness,https://www.ofbusiness.com/careers
Zetwerk,https://www.zetwerk.com/careers
Infra.Market,https://infra.market/careers
Power2SME,https://www.power2sme.com/careers
Tapzoapp,https://tapzo.com/careers
YourStory,https://yourstory.com/careers
Inc42,https://inc42.com/careers
TechCircle,https://techcircle.vccircle.com/careers
Entrackr,https://entrackr.com/careers
Ahaguru,https://ahaguru.com/careers
Intellipaat,https://intellipaat.com/careers
Great Learning,https://www.mygreatlearning.com/careers
Jigsaw Academy,https://www.jigsawacademy.com/careers
Imarticus Learning,https://imarticus.org/careers
Manipal ProLearn,https://www.manipalpro-learn.com/careers
NIIT Digital,https://www.niit.com/careers
Vskills,https://www.vskills.in/careers
Coursera India Ops,https://careers.coursera.com
Chegg India,https://jobs.chegg.com
Brainware India,https://brainware.in/careers
Naukri Learning,https://careers.infoedge.in
Codingninjas,https://www.naukri.com/code360/careers
GeeksForGeeks,https://www.geeksforgeeks.org/careers
InterviewBit,https://www.scaler.com/careers
LeetCode India,https://leetcode.com/company/careers
HackerRank India,https://www.hackerrank.com/careers
CodeChef,https://www.codechef.com/careers
Codeforces India,https://codeforces.com
AtCoder India,https://atcoder.jp
Judge0,https://judge0.com
Replit India,https://replit.com/careers
Glitch India,https://glitch.com/careers
Vercel India,https://vercel.com/careers
Netlify India,https://netlify.com/careers
Heroku India,https://www.heroku.com/careers
DigitalOcean India,https://www.digitalocean.com/careers
Linode India,https://www.linode.com/careers
Vultr India,https://www.vultr.com/careers
OVHcloud India,https://careers.ovhcloud.com
Cloudways India,https://www.cloudways.com/careers
SiteGround India,https://www.siteground.com/careers
Hostinger India,https://www.hostinger.in/careers
GoDaddy India,https://careers.godaddy.com
BigRock,https://www.bigrock.in/careers
Bluehost India,https://www.bluehost.in/careers
Cloudflare India,https://cloudflare.com/careers
Fastly India,https://www.fastly.com/careers
Akamai India,https://akamai.com/careers
Imperva India,https://www.imperva.com/company/careers
F5 India,https://f5.com/careers
A10 Networks India,https://a10networks.com/careers
Infoblox India,https://jobs.infoblox.com
Juniper Networks India,https://careers.juniper.net
Arista Networks India,https://www.arista.com/en/company/careers
Extreme Networks India,https://www.extremenetworks.com/careers
Avaya India,https://careers.avaya.com
Mitel India,https://www.mitel.com/en-gb/careers
RingCentral India,https://careers.ringcentral.com
Vonage India,https://developer.vonage.com/careers
Twilio India,https://careers.twilio.com
SendGrid India,https://sendgrid.com/careers
Mailchimp India,https://mailchimp.com/careers
HubSpot India,https://www.hubspot.com/jobs
Marketo India,https://careers.adobe.com
Zendesk India,https://jobs.zendesk.com
Freshdesk India,https://careers.freshworks.com
Zoho Desk India,https://careers.zohocorp.com
Intercom India,https://www.intercom.com/careers
Drift India,https://www.drift.com/about/careers
Crisp India,https://crisp.chat/jobs
Tidio India,https://www.tidio.com/careers
Helpshift,https://www.helpshift.com/company/careers
Hiver,https://hiverhq.com/careers
Kayako,https://www.kayako.com/careers
Ameyo,https://ameyo.com/careers
Ozonetel,https://ozonetel.com/careers
Exotel,https://exotel.com/company/careers
Knowlarity,https://knowlarity.com/careers
MyOperator,https://myoperator.com/careers
Servetel,https://servetel.in/careers
CallHippo,https://callhippo.com/careers
JustCall,https://justcall.io/careers
CloudTalk India,https://www.cloudtalk.io/careers
Aircall India,https://aircall.io/careers
Dialpad India,https://www.dialpad.com/careers
Zoom India,https://careers.zoom.us
Webex India,https://jobs.cisco.com
Microsoft Teams India,https://careers.microsoft.com
Slack India,https://slack.com/careers
Discord India,https://discord.com/jobs
Skype India,https://careers.microsoft.com
Telegram India,https://telegram.org/jobs
Signal India,https://signal.org/workworkwork
Truecaller India,https://careers.truecaller.com
IndiGrid IT,https://www.indigrid.co.in/careers
Adani Group IT,https://www.adani.com/careers
Reliance Industries IT,https://careers.reliance.com
Tata Group Digital,https://careers.tata.com
Mahindra Tech,https://careers.mahindratech.com
L&T Group IT,https://careers.larsentoubro.com
JSW Group IT,https://careers.jsw.in
Vedanta Group IT,https://vedantalimited.com/careers
Aditya Birla IT,https://careers.adityabirla.com
RPG Group IT,https://www.rpggroup.com/careers
Godrej IT,https://careers.godrej.com
Bajaj Group IT,https://careers.bajajfinserv.in
Hinduja Group IT,https://teamhgs.com/careers
Essar Group IT,https://www.essar.com/careers
Muthoot Group IT,https://www.muthootgroup.com/careers
Manappuram Finance IT,https://manappuram.com/careers
Cholamandalam IT,https://www.cholamandalam.com/careers
Sundaram Finance IT,https://sundaramfinance.in/careers
Shriram Finance IT,https://shriramfinance.in/careers
Indiabulls IT,https://indiabulls.com/careers
Edelweiss IT,https://www.edelweissfin.com/careers
Karur Vysya Bank IT,https://www.kvb.co.in/careers
South Indian Bank IT,https://southindianbank.com/careers
Canara Bank IT,https://canarabank.com/recruitment
Bank of Baroda IT,https://bankofbaroda.in/careers
Union Bank IT,https://unionbankofindia.co.in/careers
Synchrony India,https://synchrony.com/careers
Capital One India,https://jobs.capitalone.com
TD Bank India,https://jobs.td.com
UBS India,https://ubs.com/global/en/careers
Credit Suisse India,https://credit-suisse.com/careers
Societe Generale India,https://careers.societegenerale.com
BNP Paribas India,https://careers.bnpparibas.com
Nomura India,https://careers.nomura.com
Macquarie India,https://careers.macquarie.com
Prudential India,https://careers.prudential.co.uk
Sun Life India,https://careers.sunlife.com
Manulife India,https://jobs.manulife.com
Wipro Ventures,https://careers.wipro.com
Infosys Finacle,https://career.infosys.com
TCS Financial Solutions,https://nextstep.tcs.com
FIS Global India,https://careers.fisglobal.com
Fiserv India,https://careers.fiserv.com
NCR Corporation India,https://www.ncr.com/careers
ACI Worldwide India,https://www.aciworldwide.com/careers
Temenos India,https://careers.temenos.com
Finastra India,https://www.finastra.com/careers
Mambu India,https://mambu.com/careers
Thought Machine India,https://thoughtmachine.net/careers
Avaloq India,https://www.avaloq.com/en/careers
TurboLogic India,https://turbologic.com/careers
